#DAVE THE KNAVE
#managers
INSERT IGNORE INTO App_User(email, password, date_joined, is_manager, is_suspended) VALUES ('manager1@gatech.edu', -1728989181, now(), 1, 0);
INSERT IGNORE INTO App_User(email, password, date_joined, is_manager, is_suspended) VALUES ('manager2@gatech.edu', -1728989181, now(), 1, 0);
INSERT IGNORE INTO App_User(email, password, date_joined, is_manager, is_suspended) VALUES ('manager3@gatech.edu', -1728989181, now(), 1, 0);
INSERT IGNORE INTO App_User(email, password, date_joined, is_manager, is_suspended) VALUES ('manager4@gatech.edu', -1728989181, now(), 1, 0);
INSERT IGNORE INTO App_User(email, password, date_joined, is_manager, is_suspended) VALUES ('manager5@gatech.edu', -1728989181, now(), 1, 0);
#regular users
INSERT IGNORE INTO App_User(email, password, date_joined, is_manager, is_suspended) VALUES ('normie1@gatech.edu', -1728989181, null, false, false);
INSERT IGNORE INTO App_User(email, password, date_joined, is_manager, is_suspended) VALUES ('normie2@gatech.edu', -1728989181, null, false, false);
INSERT IGNORE INTO App_User(email, password, date_joined, is_manager, is_suspended) VALUES ('normie3@gatech.edu', -1728989181, null, false, false);
INSERT IGNORE INTO App_User(email, password, date_joined, is_manager, is_suspended) VALUES ('normie4@gatech.edu', -1728989181, null, false, false);
INSERT IGNORE INTO App_User(email, password, date_joined, is_manager, is_suspended) VALUES ('normie5@gatech.edu', -1728989181, null, false, false);
INSERT IGNORE INTO App_User(email, password, date_joined, is_manager, is_suspended) VALUES ('normie6@gatech.edu', -1728989181, null, false, false);
INSERT IGNORE INTO App_User(email, password, date_joined, is_manager, is_suspended) VALUES ('normie7@gatech.edu', -1728989181, null, false, false);
INSERT IGNORE INTO App_User(email, password, date_joined, is_manager, is_suspended) VALUES ('normie8@gatech.edu', -1728989181, null, false, false);
INSERT IGNORE INTO App_User(email, password, date_joined, is_manager, is_suspended) VALUES ('normie9@gatech.edu', -1728989181, null, false, false);
INSERT IGNORE INTO App_User(email, password, date_joined, is_manager, is_suspended) VALUES ('normie10@gatech.edu', -1728989181, null, false, false);
INSERT IGNORE INTO App_User(email, password, date_joined, is_manager, is_suspended) VALUES ('normie11@gatech.edu', -1728989181, null, false, false);
INSERT IGNORE INTO App_User(email, password, date_joined, is_manager, is_suspended) VALUES ('normie12@gatech.edu', -1728989181, null, false, false);
INSERT IGNORE INTO App_User(email, password, date_joined, is_manager, is_suspended) VALUES ('normie13@gatech.edu', -1728989181, null, false, false);
INSERT IGNORE INTO App_User(email, password, date_joined, is_manager, is_suspended) VALUES ('normie14@gatech.edu', -1728989181, null, false, false);
INSERT IGNORE INTO App_User(email, password, date_joined, is_manager, is_suspended) VALUES ('normie15@gatech.edu', -1728989181, null, false, false);
INSERT IGNORE INTO App_User(email, password, date_joined, is_manager, is_suspended) VALUES ('normie16@gatech.edu', -1728989181, null, false, false);
INSERT IGNORE INTO App_User(email, password, date_joined, is_manager, is_suspended) VALUES ('normie17@gatech.edu', -1728989181, null, false, false);
INSERT IGNORE INTO App_User(email, password, date_joined, is_manager, is_suspended) VALUES ('normie18@gatech.edu', -1728989181, null, false, true);
INSERT IGNORE INTO App_User(email, password, date_joined, is_manager, is_suspended) VALUES ('normie19@gatech.edu', -1728989181, null, false, true);
INSERT IGNORE INTO App_User(email, password, date_joined, is_manager, is_suspended) VALUES ('normie20@gatech.edu', -1728989181, null, false, true);
#cities
INSERT IGNORE INTO Reviewable_Entity(entity_id, is_Pending, is_City, submitter_email) VALUES (1, false, true, 'manager1@gatech.edu');
INSERT IGNORE INTO City(city_id, name, country, state) VALUES (1, 'Barcelona', 'Spain', NULL);
INSERT IGNORE INTO Reviewable_Entity(entity_id, is_Pending, is_City, submitter_email) VALUES (2, false, true, 'manager1@gatech.edu');
INSERT IGNORE INTO City(city_id, name, country, state) VALUES (2, 'Atlanta', 'United States', 'Georgia');
INSERT IGNORE INTO Reviewable_Entity(entity_id, is_Pending, is_City, submitter_email) VALUES (3, true, true, 'manager1@gatech.edu');
INSERT IGNORE INTO City(city_id, name, country, state) VALUES (3, 'Paris', 'France', NULL);
INSERT IGNORE INTO Reviewable_Entity(entity_id, is_Pending, is_City, submitter_email) VALUES (4, true, true, 'manager1@gatech.edu');
INSERT IGNORE INTO City(city_id, name, country, state) VALUES (4, 'Vienna', 'Austria', NULL);
INSERT IGNORE INTO Reviewable_Entity(entity_id, is_Pending, is_City, submitter_email) VALUES (5, false, true, 'manager1@gatech.edu');
INSERT IGNORE INTO City(city_id, name, country, state) VALUES (5, 'Rome', 'Italy', NULL);
INSERT IGNORE INTO Reviewable_Entity(entity_id, is_Pending, is_City, submitter_email) VALUES (6, false, true, 'manager1@gatech.edu');
INSERT IGNORE INTO City(city_id, name, country, state) VALUES (6, 'Athens', 'Greece', NULL);
INSERT IGNORE INTO Reviewable_Entity(entity_id, is_Pending, is_City, submitter_email) VALUES (7, false, true, 'manager1@gatech.edu');
INSERT IGNORE INTO City(city_id, name, country, state) VALUES (7, 'Athens', 'United States', 'Ohio');
#attractions for Barcelona
INSERT IGNORE INTO Reviewable_Entity(entity_id, is_Pending, is_City, submitter_email) VALUES (8, false, false, 'manager1@gatech.edu');
INSERT IGNORE INTO Attraction(street_address, name, description, attraction_id, city_id) VALUES ('1800 Sardenya', 'Estacio Nord Park', 'lots of doggos', 8, 1);
INSERT IGNORE INTO Reviewable_Entity(entity_id, is_Pending, is_City, submitter_email) VALUES (9, false, false, 'manager1@gatech.edu');
INSERT IGNORE INTO Attraction(street_address, name, description, attraction_id, city_id) VALUES ('1800 Marina', 'Sagrada Familia', 'spoopy heights', 9, 1);
INSERT IGNORE INTO Reviewable_Entity(entity_id, is_Pending, is_City, submitter_email) VALUES (10, true, false, 'manager1@gatech.edu');
INSERT IGNORE INTO Attraction(street_address, name, description, attraction_id, city_id) VALUES ('1800 Gran Via', 'Barcelona University', 'UPC is better', 10, 1);
#attractions for Atlanta
INSERT IGNORE INTO Reviewable_Entity(entity_id, is_Pending, is_City, submitter_email) VALUES (11, false, false, 'manager1@gatech.edu');
INSERT IGNORE INTO Attraction(street_address, name, description, attraction_id, city_id) VALUES ('835 McMillan Street Nw', 'Freeman Hall', 'coolest freshman dudes', 11, 2);
INSERT IGNORE INTO Reviewable_Entity(entity_id, is_Pending, is_City, submitter_email) VALUES (12, false, false, 'manager1@gatech.edu');
INSERT IGNORE INTO Attraction(street_address, name, description, attraction_id, city_id) VALUES ('835 North Ave', 'North Ave Dining Hall', 'reheated food for all', 12, 2);
INSERT IGNORE INTO Reviewable_Entity(entity_id, is_Pending, is_City, submitter_email) VALUES (13, false, false, 'manager1@gatech.edu');
INSERT IGNORE INTO Attraction(street_address, name, description, attraction_id, city_id) VALUES ('835 Peachtree St Nw', 'Joes Spicy Sausages', 'Mama Mia these thats a spicy meatball!', 13, 2);
#attractions for Rome
INSERT IGNORE INTO Reviewable_Entity(entity_id, is_Pending, is_City, submitter_email) VALUES (14, false, false, 'manager1@gatech.edu');
INSERT IGNORE INTO Attraction(street_address, name, description, attraction_id, city_id) VALUES ('835 Mama Mia Rd', 'Bapity Boopity Burgers', 'you cant beat our meat!', 14, 5);
INSERT IGNORE INTO Reviewable_Entity(entity_id, is_Pending, is_City, submitter_email) VALUES (15, false, false, 'manager1@gatech.edu');
INSERT IGNORE INTO Attraction(street_address, name, description, attraction_id, city_id) VALUES ('835 Spicy Meatball St', 'Fat Franks Frankfurters', 'you cant beat Bapity Boopity Burgers meat!', 15, 5);
INSERT IGNORE INTO Reviewable_Entity(entity_id, is_Pending, is_City, submitter_email) VALUES (16, false, false, 'manager1@gatech.edu');
INSERT IGNORE INTO Attraction(street_address, name, description, attraction_id, city_id) VALUES ('835 Roam Road', 'Roam Road Radical Roaming', 'best internet service provider tour', 16, 5);
#attractions for Athens Greece
INSERT IGNORE INTO Reviewable_Entity(entity_id, is_Pending, is_City, submitter_email) VALUES (17, false, false, 'manager1@gatech.edu');
INSERT IGNORE INTO Attraction(street_address, name, description, attraction_id, city_id) VALUES ('200 Gyro St', 'Boss Bobs Baloons', 'buy some baloons', 17, 6);
INSERT IGNORE INTO Reviewable_Entity(entity_id, is_Pending, is_City, submitter_email) VALUES (18, false, false, 'manager1@gatech.edu');
INSERT IGNORE INTO Attraction(street_address, name, description, attraction_id, city_id) VALUES ('200 Yogurt St', 'Dannys Doner Kebabs', 'best kebabs in town', 18, 6);
INSERT IGNORE INTO Reviewable_Entity(entity_id, is_Pending, is_City, submitter_email) VALUES (19, false, false, 'manager1@gatech.edu');
INSERT IGNORE INTO Attraction(street_address, name, description, attraction_id, city_id) VALUES ('200 Shady Alley', 'Shady Shays Drugs', 'Doctors Hate Him!', 19, 6);
#attractions for Athens Ohio
INSERT IGNORE INTO Reviewable_Entity(entity_id, is_Pending, is_City, submitter_email) VALUES (20, true, false, 'manager1@gatech.edu');
INSERT IGNORE INTO Attraction(street_address, name, description, attraction_id, city_id) VALUES ('7 Court St', 'Donkey Coffee', 'good coffee and great music', 20, 7);
INSERT IGNORE INTO Reviewable_Entity(entity_id, is_Pending, is_City, submitter_email) VALUES (21, false, false, 'manager1@gatech.edu');
INSERT IGNORE INTO Attraction(street_address, name, description, attraction_id, city_id) VALUES ('7 Maple Grove Way', 'Daniels Home', 'cranky guy that keeps telling us to get off his lawn', 21, 7);
INSERT IGNORE INTO Reviewable_Entity(entity_id, is_Pending, is_City, submitter_email) VALUES (22, false, false, 'manager1@gatech.edu');
INSERT IGNORE INTO Attraction(street_address, name, description, attraction_id, city_id) VALUES ('1 HighSchool Rd', 'Athens High School', 'where the famous Daniel went to school', 22, 7);
#categories
INSERT IGNORE INTO Category(category_name) VALUES ('Aquarium');
INSERT IGNORE INTO Category(category_name) VALUES ('Architecture');
INSERT IGNORE INTO Category(category_name) VALUES ('Museum');
INSERT IGNORE INTO Category(category_name) VALUES ('Beach');
INSERT IGNORE INTO Category(category_name) VALUES ('Concert');
INSERT IGNORE INTO Category(category_name) VALUES ('Restaurant');
INSERT IGNORE INTO Category(category_name) VALUES ('Housing');
INSERT IGNORE INTO Category(category_name) VALUES ('Public Space');
INSERT IGNORE INTO Category(category_name) VALUES ('Shop');
INSERT IGNORE INTO Category(category_name) VALUES ('Study Location');
#reviews
INSERT IGNORE INTO Review(entity_id, author_email, comment, rating, date_created) VALUES (1, 'normie1@gatech.edu', 'This is awesome!', 5, NULL);
INSERT IGNORE INTO Review(entity_id, author_email, comment, rating, date_created) VALUES (2, 'normie2@gatech.edu', 'This is awesome!', 4, NULL);
INSERT IGNORE INTO Review(entity_id, author_email, comment, rating, date_created) VALUES (3, 'normie3@gatech.edu', 'This is okay!', 3, NULL);
INSERT IGNORE INTO Review(entity_id, author_email, comment, rating, date_created) VALUES (4, 'normie4@gatech.edu', 'This is okay!', 2, NULL);
INSERT IGNORE INTO Review(entity_id, author_email, comment, rating, date_created) VALUES (5, 'normie5@gatech.edu', 'This is bad!', 1, NULL);
INSERT IGNORE INTO Review(entity_id, author_email, comment, rating, date_created) VALUES (6, 'normie6@gatech.edu', 'This is awesome!', 5, NULL);
INSERT IGNORE INTO Review(entity_id, author_email, comment, rating, date_created) VALUES (7, 'normie7@gatech.edu', 'This is awesome!', 5, NULL);
INSERT IGNORE INTO Review(entity_id, author_email, comment, rating, date_created) VALUES (8, 'normie8@gatech.edu', 'This is awesome!', 5, NULL);
INSERT IGNORE INTO Review(entity_id, author_email, comment, rating, date_created) VALUES (9, 'normie9@gatech.edu', 'This is awesome!', 5, NULL);
INSERT IGNORE INTO Review(entity_id, author_email, comment, rating, date_created) VALUES (1, 'normie10@gatech.edu', 'This is awesome!', 5, NULL);
INSERT IGNORE INTO Review(entity_id, author_email, comment, rating, date_created) VALUES (11, 'normie11@gatech.edu', 'This is okay!', 3, NULL);
INSERT IGNORE INTO Review(entity_id, author_email, comment, rating, date_created) VALUES (12, 'normie12@gatech.edu', 'This is awesome!', 5, NULL);
INSERT IGNORE INTO Review(entity_id, author_email, comment, rating, date_created) VALUES (13, 'normie13@gatech.edu', 'This is awesome!', 5, NULL);
INSERT IGNORE INTO Review(entity_id, author_email, comment, rating, date_created) VALUES (14, 'normie14@gatech.edu', 'This is bad!', 1, NULL);
INSERT IGNORE INTO Review(entity_id, author_email, comment, rating, date_created) VALUES (15, 'normie15@gatech.edu', 'This is awesome!', 5, NULL);
INSERT IGNORE INTO Review(entity_id, author_email, comment, rating, date_created) VALUES (16, 'normie16@gatech.edu', 'This is awesome!', 4, NULL);
INSERT IGNORE INTO Review(entity_id, author_email, comment, rating, date_created) VALUES (17, 'normie17@gatech.edu', 'This is awesome!', 5, NULL);
INSERT IGNORE INTO Review(entity_id, author_email, comment, rating, date_created) VALUES (18, 'normie18@gatech.edu', 'This is okay!', 2, NULL);
INSERT IGNORE INTO Review(entity_id, author_email, comment, rating, date_created) VALUES (19, 'normie19@gatech.edu', 'This is okay!', 3, NULL);
INSERT IGNORE INTO Review(entity_id, author_email, comment, rating, date_created) VALUES (20, 'normie20@gatech.edu', 'This is bad!', 1, NULL);
INSERT IGNORE INTO Review(entity_id, author_email, comment, rating, date_created) VALUES (21, 'normie20@gatech.edu', 'This is awesome!', 5, NULL);
INSERT IGNORE INTO Review(entity_id, author_email, comment, rating, date_created) VALUES (22, 'normie19@gatech.edu', 'This is awesome!', 5, NULL);
INSERT IGNORE INTO Review(entity_id, author_email, comment, rating, date_created) VALUES (1, 'normie18@gatech.edu', 'This is awesome!', 5, NULL);
INSERT IGNORE INTO Review(entity_id, author_email, comment, rating, date_created) VALUES (2, 'normie17@gatech.edu', 'This is awesome!', 5, NULL);
INSERT IGNORE INTO Review(entity_id, author_email, comment, rating, date_created) VALUES (3, 'normie16@gatech.edu', 'This is awesome!', 5, NULL);
INSERT IGNORE INTO Review(entity_id, author_email, comment, rating, date_created) VALUES (4, 'normie15@gatech.edu', 'This is bad!', 1, NULL);
INSERT IGNORE INTO Review(entity_id, author_email, comment, rating, date_created) VALUES (5, 'normie14@gatech.edu', 'This is awesome!', 5, NULL);
INSERT IGNORE INTO Review(entity_id, author_email, comment, rating, date_created) VALUES (6, 'normie13@gatech.edu', 'This is okay!', 3, NULL);
INSERT IGNORE INTO Review(entity_id, author_email, comment, rating, date_created) VALUES (7, 'normie12@gatech.edu', 'This is awesome!', 4, NULL);
INSERT IGNORE INTO Review(entity_id, author_email, comment, rating, date_created) VALUES (8, 'normie11@gatech.edu', 'This is awesome!', 5, NULL);
INSERT IGNORE INTO Review(entity_id, author_email, comment, rating, date_created) VALUES (9, 'normie10@gatech.edu', 'This is awesome!', 5, NULL);
INSERT IGNORE INTO Review(entity_id, author_email, comment, rating, date_created) VALUES (10, 'normie9@gatech.edu', 'This is okay!', 2, NULL);
INSERT IGNORE INTO Review(entity_id, author_email, comment, rating, date_created) VALUES (11, 'normie8@gatech.edu', 'This is awesome!', 5, NULL);
INSERT IGNORE INTO Review(entity_id, author_email, comment, rating, date_created) VALUES (12, 'normie7@gatech.edu', 'This is okay!', 2, NULL);
INSERT IGNORE INTO Review(entity_id, author_email, comment, rating, date_created) VALUES (13, 'normie6@gatech.edu', 'This is okay!', 3, NULL);
INSERT IGNORE INTO Review(entity_id, author_email, comment, rating, date_created) VALUES (14, 'normie5@gatech.edu', 'This is awesome!', 5, NULL);
INSERT IGNORE INTO Review(entity_id, author_email, comment, rating, date_created) VALUES (15, 'normie4@gatech.edu', 'This is bad!', 1, NULL);
INSERT IGNORE INTO Review(entity_id, author_email, comment, rating, date_created) VALUES (16, 'normie3@gatech.edu', 'This is awesome!', 5, NULL);
INSERT IGNORE INTO Review(entity_id, author_email, comment, rating, date_created) VALUES (17, 'normie2@gatech.edu', 'This is bad!', 1, NULL);
INSERT IGNORE INTO Review(entity_id, author_email, comment, rating, date_created) VALUES (18, 'normie1@gatech.edu', 'This is awesome!', 4, NULL);
INSERT IGNORE INTO Review(entity_id, author_email, comment, rating, date_created) VALUES (19, 'normie20@gatech.edu', 'This is bad!', 1, NULL);
#hours of operation
INSERT IGNORE INTO Hours_Of_Operation(attraction_id, hours) VALUES (9, '9:00 - 19:00');
INSERT IGNORE INTO Hours_Of_Operation(attraction_id, hours) VALUES (8, '9:00 - 19:00');
INSERT IGNORE INTO Hours_Of_Operation(attraction_id, hours) VALUES (10, '5:00 - 2:00');
INSERT IGNORE INTO Hours_Of_Operation(attraction_id, hours) VALUES (11, '12:00 - 16:00');
INSERT IGNORE INTO Hours_Of_Operation(attraction_id, hours) VALUES (12, 'MWF 19:00 - 22:00');
INSERT IGNORE INTO Hours_Of_Operation(attraction_id, hours) VALUES (13, 'Sunday 11:00 - 14:00');
INSERT IGNORE INTO Hours_Of_Operation(attraction_id, hours) VALUES (14, '6:00 - 21:00');
INSERT IGNORE INTO Hours_Of_Operation(attraction_id, hours) VALUES (15, '7:00 - 21:00');
INSERT IGNORE INTO Hours_Of_Operation(attraction_id, hours) VALUES (16, '7:35 - 14:35');
INSERT IGNORE INTO Hours_Of_Operation(attraction_id, hours) VALUES (17, 'Sunday 11:00 - 14:00');
INSERT IGNORE INTO Hours_Of_Operation(attraction_id, hours) VALUES (18, '6:00 - 21:00');
INSERT IGNORE INTO Hours_Of_Operation(attraction_id, hours) VALUES (19, '7:00 - 21:00');
INSERT IGNORE INTO Hours_Of_Operation(attraction_id, hours) VALUES (20, '7:35 - 14:35');
INSERT IGNORE INTO Hours_Of_Operation(attraction_id, hours) VALUES (21, '7:00 - 21:00');
INSERT IGNORE INTO Hours_Of_Operation(attraction_id, hours) VALUES (22, '7:35 - 14:35');
#contact hours
INSERT IGNORE INTO Contact_Info(attraction_id, info) VALUES (8, '800-343-1023');
INSERT IGNORE INTO Contact_Info(attraction_id, info) VALUES (9, '800-379-1123');
INSERT IGNORE INTO Contact_Info(attraction_id, info) VALUES (10, '465-193-5239');
INSERT IGNORE INTO Contact_Info(attraction_id, info) VALUES (11, '900-245-2149');
INSERT IGNORE INTO Contact_Info(attraction_id, info) VALUES (12, '800-343-1023');
INSERT IGNORE INTO Contact_Info(attraction_id, info) VALUES (13, '800-379-1123');
INSERT IGNORE INTO Contact_Info(attraction_id, info) VALUES (14, '465-193-5239');
INSERT IGNORE INTO Contact_Info(attraction_id, info) VALUES (15, '900-245-2149');
INSERT IGNORE INTO Contact_Info(attraction_id, info) VALUES (16, '800-343-1023');
INSERT IGNORE INTO Contact_Info(attraction_id, info) VALUES (17, '800-379-1123');
INSERT IGNORE INTO Contact_Info(attraction_id, info) VALUES (18, '465-193-5239');
INSERT IGNORE INTO Contact_Info(attraction_id, info) VALUES (19, '900-245-2149');
INSERT IGNORE INTO Contact_Info(attraction_id, info) VALUES (20, '800-343-1023');
INSERT IGNORE INTO Contact_Info(attraction_id, info) VALUES (21, '800-379-1123');
INSERT IGNORE INTO Contact_Info(attraction_id, info) VALUES (22, '465-193-5239');
#connecting categories
INSERT IGNORE INTO Attraction_Category_List(c_Name, attraction_id) VALUES ('Public Space', 8);
INSERT IGNORE INTO Attraction_Category_List(c_Name, attraction_id) VALUES ('Architecture', 9);
INSERT IGNORE INTO Attraction_Category_List(c_Name, attraction_id) VALUES ('Public Space', 9);
INSERT IGNORE INTO Attraction_Category_List(c_Name, attraction_id) VALUES ('Public Space', 22);
INSERT IGNORE INTO Attraction_Category_List(c_Name, attraction_id) VALUES ('Public Space', 11);
INSERT IGNORE INTO Attraction_Category_List(c_Name, attraction_id) VALUES ('Restaurant', 12);
INSERT IGNORE INTO Attraction_Category_List(c_Name, attraction_id) VALUES ('Restaurant', 13);
INSERT IGNORE INTO Attraction_Category_List(c_Name, attraction_id) VALUES ('Restaurant', 14);
INSERT IGNORE INTO Attraction_Category_List(c_Name, attraction_id) VALUES ('Restaurant', 15);
INSERT IGNORE INTO Attraction_Category_List(c_Name, attraction_id) VALUES ('Restaurant', 18);
INSERT IGNORE INTO Attraction_Category_List(c_Name, attraction_id) VALUES ('Housing', 11);
INSERT IGNORE INTO Attraction_Category_List(c_Name, attraction_id) VALUES ('Housing', 21);
INSERT IGNORE INTO Attraction_Category_List(c_Name, attraction_id) VALUES ('Shop', 13);
INSERT IGNORE INTO Attraction_Category_List(c_Name, attraction_id) VALUES ('Shop', 16);
INSERT IGNORE INTO Attraction_Category_List(c_Name, attraction_id) VALUES ('Shop', 17);
INSERT IGNORE INTO Attraction_Category_List(c_Name, attraction_id) VALUES ('Shop', 19);
INSERT IGNORE INTO Attraction_Category_List(c_Name, attraction_id) VALUES ('Study Location', 21);
INSERT IGNORE INTO Attraction_Category_List(c_Name, attraction_id) VALUES ('Study Location', 22);
INSERT IGNORE INTO Attraction_Category_List(c_Name, attraction_id) VALUES ('Study Location', 12);
INSERT IGNORE INTO Attraction_Category_List(c_Name, attraction_id) VALUES ('Study Location', 11);
INSERT IGNORE INTO Attraction_Category_List(c_Name, attraction_id) VALUES ('Study Location', 8);
INSERT IGNORE INTO Attraction_Category_List(c_Name, attraction_id) VALUES ('Study Location', 20);
INSERT IGNORE INTO Attraction_Category_List(c_Name, attraction_id) VALUES ('Restaurant', 20);
INSERT IGNORE INTO Attraction_Category_List(c_Name, attraction_id) VALUES ('Study Location', 10);


#8-22 are attractions